state,district,chamber,cycleYear,totalAgainst,rowCount
OH,,SENATE,2022,65946276.00,46
IN,,SENATE,2018,54830315.00,28
AZ,,SENATE,2018,48604494.00,42
MT,,SENATE,2018,33870819.00,38
WV,,SENATE,2018,27481632.00,26
NM,2,HOUSE,2020,22410920.00,31
VA,7,HOUSE,2022,18973573.00,31
CA,27,HOUSE,2020,18954957.00,11
NJ,,SENATE,2018,18935459.00,9
NY,4,HOUSE,2024,18125051.00,15
CO,8,HOUSE,2022,14490897.00,16
VA,7,HOUSE,2020,13754961.00,22
CA,25,HOUSE,2018,13075463.00,27
PA,8,HOUSE,2022,12437424.00,11
CA,47,HOUSE,2018,12226468.00,15
NY,19,HOUSE,2018,11854003.00,22
CA,48,HOUSE,2018,11637026.00,31
MN,1,HOUSE,2018,11014702.00,12
AL,,SENATE,2018,10993466.00,34
MN,1,HOUSE,2020,10524400.00,12
NY,24,HOUSE,2020,10430321.00,10
OH,1,HOUSE,2020,10348813.00,9
NY,22,HOUSE,2020,10321381.00,4
CA,45,HOUSE,2020,10290636.00,10
NY,22,HOUSE,2022,10277405.00,8
VA,10,HOUSE,2018,10266686.00,21
AK,,HOUSE,2024,10012453.00,9
OR,5,HOUSE,2022,9956898.00,10
FL,26,HOUSE,2018,9217713.00,14
CA,47,HOUSE,2022,9209014.00,4
FL,26,HOUSE,2020,8697651.00,5
PA,17,HOUSE,2018,8532147.00,19
NY,1,HOUSE,2020,8430702.00,10
VA,5,HOUSE,2020,7797109.00,10
MN,3,HOUSE,2018,7678973.00,17
IA,2,HOUSE,2020,7561750.00,4
IA,3,HOUSE,2018,7546227.00,14
NC,13,HOUSE,2022,7214760.00,8
NJ,7,HOUSE,2018,7072523.00,6
VA,7,HOUSE,2018,6917904.00,26
MI,8,HOUSE,2022,6713341.00,10
NY,22,HOUSE,2018,6703315.00,5
NJ,3,HOUSE,2018,6604372.00,15
TX,23,HOUSE,2018,6579247.00,13
KS,2,HOUSE,2018,6415739.00,11
NM,2,HOUSE,2018,6317013.00,16
NC,9,HOUSE,2020,6203193.00,9
MT,,HOUSE,2018,6149858.00,15
CA,27,HOUSE,2022,6060204.00,12
OH,1,HOUSE,2018,5854635.00,13
CA,45,HOUSE,2018,5741627.00,24
IL,13,HOUSE,2020,5544099.00,3
IA,1,HOUSE,2020,5525601.00,8
NC,8,HOUSE,2020,5225479.00,12
NC,6,HOUSE,2022,5215791.00,7
IL,15,HOUSE,2018,5157785.00,7
CA,45,HOUSE,2022,5102096.00,12
OH,15,HOUSE,2018,4804394.00,8
VA,2,HOUSE,2020,4750121.00,9
TX,32,HOUSE,2018,4635041.00,4
CO,3,HOUSE,2020,4598435.00,7
VA,2,HOUSE,2018,4569144.00,17
MI,8,HOUSE,2018,4320816.00,10
IA,3,HOUSE,2020,4286979.00,11
MD,4,HOUSE,2022,4258732.00,1
MT,2,HOUSE,2020,4065847.00,7
NJ,11,HOUSE,2022,3991498.00,2
MT,,HOUSE,2020,3984383.00,10
VA,5,HOUSE,2024,3608661.00,5
FL,,SENATE,2022,3574926.00,30
AZ,9,HOUSE,2018,3470631.00,3
AK,,HOUSE,2020,3419901.00,5
WA,3,HOUSE,2020,3361226.00,7
NJ,3,HOUSE,2020,3351775.00,8
NY,24,HOUSE,2018,3286732.00,10
NC,2,HOUSE,2018,3263326.00,6
CA,21,HOUSE,2020,3187837.00,4
FL,15,HOUSE,2018,3093645.00,6
AZ,6,HOUSE,2020,3074009.00,5
IA,1,HOUSE,2018,3042292.00,17
NY,4,HOUSE,2022,2943288.00,6
CA,47,HOUSE,2020,2876370.00,5
TX,12,HOUSE,2020,2792090.00,6
OR,4,HOUSE,2020,2695990.00,9
NC,9,HOUSE,2018,2545275.00,9
NC,11,HOUSE,2020,2528525.00,9
NJ,11,HOUSE,2026,2516245.00,2
PA,7,HOUSE,2018,2340784.00,17
AZ,1,HOUSE,2020,2331139.00,4
AZ,2,HOUSE,2018,2288144.00,15
MI,6,HOUSE,2018,2245958.00,7
FL,1,HOUSE,2024,2161576.00,3
NC,6,HOUSE,2018,2008609.00,7
CA,39,HOUSE,2018,1928735.00,13
IL,13,HOUSE,2018,1898029.00,3
MI,6,HOUSE,2020,1884679.00,9
NJ,11,HOUSE,2018,1878133.00,8
NH,2,HOUSE,2022,1810633.00,7
FL,19,HOUSE,2020,1805672.00,13
UT,4,HOUSE,2018,1754071.00,8
WA,3,HOUSE,2018,1635659.00,7
AZ,1,HOUSE,2018,1558874.00,6
IL,17,HOUSE,2020,1523151.00,3
GA,6,HOUSE,2022,1489799.00,4
FL,6,HOUSE,2018,1440486.00,11
PA,8,HOUSE,2020,1439942.00,10
IL,3,HOUSE,2018,1341176.00,4
WV,2,HOUSE,2022,1254191.00,6
PA,,SENATE,2018,1249639.00,12
WV,3,HOUSE,2018,1190566.00,3
AL,1,HOUSE,2020,1159893.00,2
DE,,SENATE,2018,1139812.00,1
NY,16,HOUSE,2020,1112419.00,4
VA,5,HOUSE,2018,1097545.00,11
AZ,1,HOUSE,2022,1072006.00,7
AZ,2,HOUSE,2020,1038543.00,3
FL,18,HOUSE,2018,1032576.00,4
ND,,HOUSE,2024,982196.00,4
OH,,SENATE,2018,957353.00,20
MI,,SENATE,2018,888073.00,13
MI,8,HOUSE,2020,880816.00,4
FL,7,HOUSE,2018,878174.00,4
CA,22,HOUSE,2018,826825.00,12
IN,3,HOUSE,2024,765656.00,2
WY,,HOUSE,2022,761197.00,8
NY,1,HOUSE,2018,742281.00,6
CA,53,HOUSE,2020,704283.00,1
TX,32,HOUSE,2020,703168.00,6
PA,17,HOUSE,2020,676923.00,7
KS,2,HOUSE,2020,633157.00,7
IL,3,HOUSE,2020,617224.00,2
AL,2,HOUSE,2020,574285.00,5
PA,8,HOUSE,2018,556453.00,2
AZ,6,HOUSE,2018,540201.00,4
IA,4,HOUSE,2018,534944.00,14
FL,15,HOUSE,2020,534749.00,4
TX,9,HOUSE,2026,531299.00,3
SC,1,HOUSE,2018,513364.00,7
TX,3,HOUSE,2022,488117.00,4
CA,25,HOUSE,2020,472930.00,3
CA,21,HOUSE,2018,423439.00,4
NY,11,HOUSE,2018,405645.00,2
MI,10,HOUSE,2020,353537.00,1
CA,8,HOUSE,2020,348858.00,2
OH,7,HOUSE,2018,342334.00,5
GA,14,HOUSE,2022,340512.00,13
SD,,HOUSE,2018,311637.00,2
CA,16,HOUSE,2018,282668.00,1
FL,10,HOUSE,2018,272017.00,1
TX,6,HOUSE,2020,250522.00,3
NM,1,HOUSE,2018,236664.00,4
CA,4,HOUSE,2020,211188.00,1
SD,,HOUSE,2022,189182.00,2
UT,3,HOUSE,2018,176040.00,4
MO,1,HOUSE,2022,170602.00,1
CA,50,HOUSE,2018,166465.00,7
GA,,SENATE,2024,163433.00,3
PA,7,HOUSE,2020,162689.00,6
IN,9,HOUSE,2018,158601.00,2
AZ,8,HOUSE,2018,158246.00,3
OH,13,HOUSE,2018,148498.00,2
VA,10,HOUSE,2022,124490.00,8
CA,20,HOUSE,2022,119203.00,6
GA,14,HOUSE,2020,113997.00,6
MO,1,HOUSE,2020,110849.00,2
CA,10,HOUSE,2018,110750.00,7
NJ,8,HOUSE,2018,100000.00,1
AL,2,HOUSE,2018,93835.00,3
FL,7,HOUSE,2020,89715.00,2
NY,17,HOUSE,2020,89532.00,3
AK,,HOUSE,2018,85840.00,4
WY,,HOUSE,2018,79125.00,2
OH,13,HOUSE,2020,75113.00,2
OR,5,HOUSE,2020,70978.00,1
NY,23,HOUSE,2020,66205.00,3
AK,,HOUSE,2022,63431.00,12
NC,3,HOUSE,2018,62763.00,2
IN,2,HOUSE,2018,61793.00,3
WA,5,HOUSE,2018,60455.00,7
MN,3,HOUSE,2020,60243.00,3
CO,5,HOUSE,2018,59061.00,4
TX,32,HOUSE,2026,58611.00,2
CA,7,HOUSE,2018,53163.00,1
NJ,3,HOUSE,2022,52454.00,2
OH,6,HOUSE,2020,49500.00,2
CA,22,HOUSE,2020,36470.00,6
NH,,SENATE,2018,36210.00,3
CA,1,HOUSE,2018,35836.00,6
FL,1,HOUSE,2022,34267.00,7
TX,22,HOUSE,2018,32456.00,2
MO,,SENATE,2020,29775.00,1
MD,,SENATE,2018,29650.00,1
CA,1,HOUSE,2020,29271.00,4
WI,5,HOUSE,2018,28859.00,2
OK,,SENATE,2020,28587.00,4
GA,14,HOUSE,2026,26500.00,1
OH,16,HOUSE,2022,26333.00,2
FL,18,HOUSE,2020,25000.00,1
CA,8,HOUSE,2018,24498.00,4
CA,20,HOUSE,2020,23796.00,2
NY,27,HOUSE,2018,23725.00,6
VA,4,HOUSE,2022,23408.00,4
FL,1,HOUSE,2020,22220.00,4
NY,23,HOUSE,2018,21756.00,2
PA,12,HOUSE,2020,19360.00,2
NJ,11,HOUSE,2020,16818.00,1
CA,10,HOUSE,2020,15613.00,2
FL,8,HOUSE,2018,15233.00,3
MN,7,HOUSE,2018,14644.00,2
TX,18,HOUSE,2022,12558.00,2
FL,1,HOUSE,2018,12361.00,3
NY,12,HOUSE,2020,12350.00,2
FL,3,HOUSE,2018,12111.00,3
MI,7,HOUSE,2018,12107.00,2
GA,14,HOUSE,2024,11616.00,3
CO,,SENATE,2018,11503.00,2
WV,,SENATE,2022,10150.00,3
GA,7,HOUSE,2022,10088.00,3
PA,,SENATE,2026,10000.00,1
CA,53,HOUSE,2024,9728.00,1
UT,,SENATE,2018,9250.00,3
NE,,SENATE,2022,8333.00,1
CA,20,HOUSE,2018,8069.00,2
FL,,SENATE,2020,7853.00,2
TX,1,HOUSE,2018,7641.00,2
CA,42,HOUSE,2018,7208.00,1
VA,5,HOUSE,2022,5804.00,2
NC,,SENATE,2024,5600.00,1
NY,19,HOUSE,2020,4488.00,2
CA,50,HOUSE,2020,3344.00,2
TX,12,HOUSE,2022,2972.00,1
NY,4,HOUSE,2026,2908.00,1
CO,3,HOUSE,2018,2641.00,3
NC,11,HOUSE,2018,2501.00,2
AZ,,SENATE,2026,2482.00,1
WV,2,HOUSE,2018,2200.00,4
GA,9,HOUSE,2018,2161.00,2
WV,2,HOUSE,2020,2058.00,4
VA,10,HOUSE,2020,1726.00,3
GA,,SENATE,2018,1722.00,2
TX,1,HOUSE,2020,1539.00,2
WA,5,HOUSE,2022,1427.00,1
NV,,SENATE,2020,1328.00,2
MT,,SENATE,2022,1250.00,1
OR,2,HOUSE,2018,1227.00,2
PA,12,HOUSE,2018,949.00,2
UT,1,HOUSE,2018,911.00,2
TX,3,HOUSE,2020,863.00,2
GA,3,HOUSE,2018,861.00,1
GA,14,HOUSE,2018,861.00,1
GA,10,HOUSE,2018,861.00,1
MS,4,HOUSE,2018,861.00,1
MO,4,HOUSE,2018,861.00,1
MO,3,HOUSE,2018,861.00,1
SC,7,HOUSE,2018,861.00,1
TX,8,HOUSE,2018,861.00,1
TX,26,HOUSE,2018,861.00,1
SC,3,HOUSE,2018,861.00,1
WI,7,HOUSE,2018,861.00,1
WI,8,HOUSE,2018,861.00,1
WI,3,HOUSE,2018,861.00,1
TX,11,HOUSE,2018,861.00,1
TX,12,HOUSE,2018,861.00,1
TX,3,HOUSE,2018,861.00,1
TX,24,HOUSE,2018,861.00,1
TX,4,HOUSE,2018,861.00,1
TX,13,HOUSE,2018,861.00,1
TX,17,HOUSE,2018,861.00,1
NE,1,HOUSE,2018,861.00,1
UT,2,HOUSE,2018,861.00,1
GA,7,HOUSE,2018,861.00,1
KS,,SENATE,2018,861.00,1
IL,16,HOUSE,2018,861.00,1
IN,5,HOUSE,2018,861.00,1
IN,8,HOUSE,2018,861.00,1
NC,,SENATE,2018,861.00,1
LA,5,HOUSE,2018,861.00,1
AL,5,HOUSE,2018,861.00,1
AL,1,HOUSE,2018,861.00,1
LA,6,HOUSE,2018,861.00,1
OH,2,HOUSE,2018,861.00,1
OK,,SENATE,2018,861.00,1
CO,4,HOUSE,2018,861.00,1
NC,10,HOUSE,2018,861.00,1
OK,5,HOUSE,2018,861.00,1
OH,6,HOUSE,2018,861.00,1
OR,5,HOUSE,2018,861.00,1
MI,3,HOUSE,2018,861.00,1
MI,10,HOUSE,2018,861.00,1
UT,2,HOUSE,2020,769.00,2
AL,5,HOUSE,2020,750.00,1
GA,10,HOUSE,2020,750.00,1
GA,3,HOUSE,2020,750.00,1
AZ,8,HOUSE,2020,750.00,1
LA,5,HOUSE,2020,750.00,1
LA,6,HOUSE,2020,750.00,1
WI,8,HOUSE,2020,750.00,1
TX,8,HOUSE,2020,750.00,1
SC,7,HOUSE,2020,750.00,1
TX,26,HOUSE,2020,750.00,1
SC,3,HOUSE,2020,750.00,1
OH,7,HOUSE,2020,750.00,1
ND,,HOUSE,2020,750.00,1
TN,7,HOUSE,2020,750.00,1
OH,16,HOUSE,2020,750.00,1
NH,,SENATE,2024,587.00,1
NC,6,HOUSE,2020,540.00,2
WA,5,HOUSE,2020,496.00,2
WV,1,HOUSE,2020,374.00,2
CA,30,HOUSE,2020,339.00,3
WV,3,HOUSE,2020,315.00,2
TX,32,HOUSE,2022,309.00,2
WV,1,HOUSE,2018,277.00,1
MN,,SENATE,2022,265.00,2
FL,23,HOUSE,2020,226.00,2
CA,16,HOUSE,2020,226.00,2
CA,19,HOUSE,2020,226.00,2
CA,14,HOUSE,2020,226.00,2
LA,2,HOUSE,2020,226.00,3
MI,12,HOUSE,2020,224.00,1
MI,13,HOUSE,2020,224.00,1
MI,14,HOUSE,2020,224.00,1
MI,5,HOUSE,2020,224.00,1
MI,9,HOUSE,2020,224.00,1
DE,,HOUSE,2020,180.00,2
CA,36,HOUSE,2020,180.00,2
PA,18,HOUSE,2020,158.00,1
NY,26,HOUSE,2020,113.00,1
NY,4,HOUSE,2020,113.00,1
CA,42,HOUSE,2020,113.00,1
NH,2,HOUSE,2020,113.00,1
NJ,10,HOUSE,2020,113.00,1
VA,4,HOUSE,2020,113.00,1
FL,10,HOUSE,2020,113.00,1
NJ,8,HOUSE,2020,113.00,1
NJ,9,HOUSE,2020,113.00,1
NM,1,HOUSE,2020,113.00,1
CA,28,HOUSE,2020,113.00,1
CA,51,HOUSE,2020,113.00,2
CA,52,HOUSE,2020,113.00,1
CA,5,HOUSE,2020,113.00,1
CA,6,HOUSE,2020,113.00,1
CA,7,HOUSE,2020,113.00,1
CA,9,HOUSE,2020,113.00,1
CO,4,HOUSE,2020,113.00,1
NC,4,HOUSE,2020,113.00,1
OH,11,HOUSE,2020,113.00,1
WA,6,HOUSE,2020,113.00,1
AZ,3,HOUSE,2020,113.00,1
AZ,4,HOUSE,2020,113.00,1
CA,11,HOUSE,2020,113.00,1
CA,13,HOUSE,2020,113.00,1
FL,5,HOUSE,2020,113.00,1
NY,18,HOUSE,2020,113.00,1
OR,3,HOUSE,2020,113.00,1
HI,2,HOUSE,2020,113.00,1
IL,16,HOUSE,2020,113.00,1
IL,1,HOUSE,2020,113.00,1
KY,3,HOUSE,2020,113.00,1
MD,3,HOUSE,2020,113.00,1
TX,18,HOUSE,2020,113.00,1
TX,34,HOUSE,2020,113.00,1
CA,33,HOUSE,2020,113.00,1
CA,31,HOUSE,2020,113.00,1
CA,32,HOUSE,2020,113.00,1
CA,37,HOUSE,2020,113.00,1
TX,30,HOUSE,2020,113.00,1
TX,37,HOUSE,2020,113.00,1
VT,,HOUSE,2020,113.00,1
CA,40,HOUSE,2020,113.00,1
CA,41,HOUSE,2020,113.00,1
PA,18,HOUSE,2018,88.00,1
OH,16,HOUSE,2018,79.00,1
MN,3,HOUSE,2022,71.00,2
CO,7,HOUSE,2020,67.00,1
CA,30,HOUSE,2022,24.00,3
DE,,HOUSE,2022,16.00,2
NE,,SENATE,2020,8.00,1
MT,2,HOUSE,2022,8.00,1
MI,9,HOUSE,2022,8.00,1
MA,,SENATE,2022,8.00,1
NJ,,SENATE,2022,8.00,1
CA,16,HOUSE,2022,8.00,1
CA,31,HOUSE,2022,8.00,1
CO,4,HOUSE,2022,8.00,1
AZ,3,HOUSE,2022,8.00,1
NM,,SENATE,2022,8.00,1
KS,2,HOUSE,2022,8.00,1
MD,3,HOUSE,2022,8.00,1
VT,,HOUSE,2022,8.00,1
NC,8,HOUSE,2022,8.00,1
MI,14,HOUSE,2022,8.00,1
MI,5,HOUSE,2022,8.00,1
OR,3,HOUSE,2022,8.00,1
VA,,SENATE,2022,8.00,1
RI,,SENATE,2022,8.00,1
NJ,10,HOUSE,2022,8.00,1
NJ,9,HOUSE,2022,8.00,1
WA,6,HOUSE,2022,8.00,1
DE,,SENATE,2022,8.00,1
NY,26,HOUSE,2022,8.00,1
IN,,SENATE,2020,-100.00,1
MI,,SENATE,2022,-123.00,2
MD,4,HOUSE,2024,-38105.00,1
