rank,committeeId,name,connectedOrg,committeeType,orgType,totalCountsAgainst,contribCount
1,C00778472,(unknown),,,,1398810.00,1
2,C00564799,POPULATION CONNECTION ACTION FUND PAC  PCAF PAC,POPULATION CONNECTION ACTION FUND,Q,,527550.00,137
3,C00425439,THOROUGHBRED PAC,NONE,Q,,509300.00,180
4,C00409110,GREEN MOUNTAIN PAC,,Q,,501000.00,69
5,C00585893,CONSERVATIVE PROMISES PAC,,Q,,500500.00,288
6,C00656314,AMERICANS FOR POLICE AND TROOPER SAFETY,,O,,497000.00,16
7,C00687582,GIDDY UP PAC,HICKENLOOPER,Q,,490500.00,78
8,C00722413,FIRED UP PAC,,O,,488069.00,1
9,C00307991,RIPPLE OF HOPE PAC,CICILLINE,Q,,487070.00,167
10,C00427435,MAVERICK PAC USA,NONE,W,,485700.00,191
11,C00492579,AMERICAN PRINCIPLES,NONE,Q,,484910.00,390
12,C90009994,NATIONAL WILDLIFE FEDERATION ACTION FUND,,I,,481547.00,4
13,C00638130,COWBOY PAC,,Q,,481500.00,142
14,C00325324,NATIONAL MILK PRODUCERS FEDERATION PAC (NMPF PAC),NATIONAL MILK PRODUCERS FEDERATION,Q,M,481000.00,224
15,C00543504,GROUNDWORK PROJECT PAC,NONE,W,,478900.00,196
16,C00349233,NEW MILLENNIUM PAC,,Q,,477529.00,77
17,C90016551,TEXAS ORGANIZING PROJECT PAC,,I,,475579.00,4
18,C00408435,SOCIETY OF INTERVENTIONAL RADIOLOGY POLITICAL ACTION COMMITTEE,,Q,M,469500.00,136
19,C90017708,DUTY AND HONOR,,I,,469369.00,1
20,C00345058,COMMON SENSE COMMON SOLUTIONS POLITICAL ACTION COMMITTEE,,Q,,468100.00,122
21,C00325357,PIONEER POLITICAL ACTION COMMITTEE,TIBERI,Q,,464100.00,87
22,C00717223,HEARTLAND USA PAC,,O,,458950.00,2
23,C00010793,THE LOOSE GROUP,,Q,,458500.00,144
24,C00150797,BLANK  ROME PAC,NONE,Q,,453250.00,268
25,C00494971,FLORIDA FREEDOM COMMITTEE,NONE,Q,,446787.00,20
26,C90011826,VOCES DE LA FRONTERA ACTION,,I,,445237.00,8
27,C00567396,CHANGE CAMPAIGN SUPER PAC,NONE,O,,443339.00,3
28,C00226472,ARPAC,NONE,Q,M,439031.00,112
29,C00489203,UNITED MINE WORKERS OF AMERICA POWER PAC,NONE,O,,439009.00,2
30,C90021510,JOSEPH RUSH,,I,,438574.00,1
31,C00484402,COUNTRY ROADS PAC,MANCHIN,Q,,437500.00,59
32,C00490235,"AMERICA'S FUTURE, TOGETHER",,Q,,436000.00,249
33,C00102368,THE DESERT CAUCUS,,Q,,435000.00,45
34,C00670265,7GEN LEADERS,NONE,O,,433792.00,3
35,C00424143,ALLIANCE FOR PHARMACY COMPOUNDING PAC (COMP PAC),,Q,M,431933.00,139
36,C00420695,JPAC,,Q,,429250.00,120
37,C00343574,MAINSTREAM PAC,LOFGREN,Q,,425307.00,99
38,C00080135,BLUE DIAMOND GROWERS POLITICAL ACTION COMMITTEE,BLUE DIAMOND GROWERS,Q,V,425000.00,88
39,C00807198,PROTECT AND DEFEND AMERICA,,O,,425000.00,1
40,C90019878,WAY TO WIN ACTION FUND,,I,,424992.00,4
41,C00691162,HOOSIER PAC,,Q,,424500.00,51
42,C00722025,SEAL PAC USA,,O,,423750.00,11
43,C00641142,AMERICANS FOR LEGISLATING EXCELLENCE PAC,MOONEY,Q,,422600.00,159
44,C00493924,REINVENTING A NEW DIRECTION POLITICAL ACTION COMMITTEE,FREEDOM FOR ALL AMERICANS,Q,,415000.00,78
45,C00571182,GETTING STUFF DONE PAC (GSD-PAC),SINEMA,Q,,413500.00,66
46,C00802942,FROM PA FOR PA,,O,,409955.00,1
47,C00779330,GEORGIA FIRST PAC,,O,,406800.00,1
48,C90018573,COMMUNITIES FOR A NEW CALIFORNIA C4,,I,,404068.00,7
49,C00753384,TEXAS RED,,Q,,402900.00,176
50,C00433219,FUND FOR THE MAJORITY PAC,,Q,,402000.00,55
51,C00415208,LONE STAR LEADERSHIP PAC,,Q,,394000.00,157
52,C00385534,LEGPAC,,Q,,392500.00,60
53,C00571802,SENSIBLE AMERICAN SOLUTIONS SUPPORTING EVERYONE PAC,SASSE,Q,,385840.00,55
54,C00736041,PEOPLE FOR BETTER GOVERNMENT COMMITTEE OF THE SAN MANUEL BAND OF MISSION INDIANS,,O,,383461.00,2
55,C00473116,THREE RIVERS POLITICAL ACTION COMMITTEE,,Q,,378000.00,97
56,C00629576,BUILD OUR MOVEMENT PAC,JAYAPAL,Q,,377400.00,137
57,C00475673,NATIONAL SORGHUM PRODUCERS POLITICAL ACTION COMMITTEE,NATIONAL SORGHUM PRODUCERS,Q,M,376750.00,166
58,C00576975,"LATINO LEADERS FOR EQUALITY, GROWTH, OPPORTUNITY, PROGRESSIVE ACTION & CHANGE (LLEGO-PAC)",,Q,,376100.00,125
59,C00561779,AMERICAN INNOVATION POLITICAL ACTION COMMITTEE (AMI PAC),,Q,,374400.00,246
60,C00403071,ONE VOICE,,Q,,371700.00,219
61,C00552539,MAKE IT WORK PAC,,Q,,369500.00,56
62,C00752576,OUR VOICE OUR VOTE ARIZONA PAC,NONE,V,,365586.00,4
63,C00481176,CONCERNED AMERICANS FOR FREEDOM & OPPORTUNITY PAC (CAFO PAC),SMITH,Q,,364000.00,114
64,C90018169,LIVING UNITED FOR CHANGE IN ARIZONA,,I,,363883.00,6
65,C00521310,LIBERTY FUND; THE,,N,,359500.00,113
66,C00197160,TEXANS FOR LAMAR SMITH,,Q,,357000.00,225
67,C00566463,THE PRINCIPLES PROJECT,NONE,O,,353229.00,5
68,C00635557,DO RIGHT BAYOU PAC,,Q,,352500.00,138
69,C00523381,HEARTDOCPAC,BUCSHON,Q,,351984.00,219
70,C00808626,FRIENDS OF CALIFORNIAS FUTURE COMMITTEE,,O,,350522.00,1
71,C90019597,TURNING POINT ACTION,,I,,335430.00,5
72,C00522425,FUTURE FIRST LEADERSHIP PAC,,Q,,332000.00,93
73,C00637009,PATRIOTIC AMERICANS PAC,,O,,331700.00,3
74,C00797654,WINMO PAC,,O,,331200.00,2
75,C00409623,SYNERGY PAC,,Q,,328500.00,167
76,C00717421,GRIT PAC,NONE,O,,320717.00,1
77,C00821314,VALLEY WORKS ACTION FUND,NONE,V,,315743.00,3
78,C90014069,MONTANA HUNTERS AND ANGLERS ACTION!,,I,,312200.00,2
79,C00564658,MAKING INVESTMENTS MAJORITY INSURED PAC,,Q,,310600.00,117
80,C00658815,RIGHT NOW USA,,O,,306652.00,15
81,C00378216,SUN POLITICAL ACTION COMMITTEE,NONE,Q,,299450.00,96
82,C00807925,COMMON GOOD FUND,,O,,298436.00,1
83,C00439646,DEMOCRATS OF ORANGE COUNTY POLITICAL ACTION COMMITTEE (DEMOC PAC),NONE,Q,,297600.00,91
84,C00716704,PROTECT AND SERVE PAC,NONE,O,,293546.00,4
85,C00773788,SUPPORT OUR FIREFIGHTERS AND PARAMEDICS PAC,,O,,289087.00,8
86,C00536607,DAKOTA PRAIRIE PAC,,Q,,284500.00,38
87,C00712885,AMERICAN VETERANS INITIATIVE PAC,,O,,283630.00,4
88,C00686592,COMMITTEE FOR A BETTER TOMORROW SPONSORED BY LOS ANGELES COUNTY FEDERATION OF LABOR,,O,,283307.00,1
89,C00636837,STAR PAC,,Q,,282500.00,107
90,C00594507,MIDDLE CLASS VALUES PAC,,O,,279835.00,7
91,C00574376,THUNDERBOLT PAC,,Q,,278900.00,57
92,C90021288,BE COUNTED,,I,,278438.00,1
93,C00727008,REBELLION PAC,NONE,V,,275600.00,16
94,C90017559,"BLOOMFIELD, BILL",,I,,271864.00,1
95,C00605212,HAVING UNWAVERING RESOLVE AND DETERMINATION PAC,,Q,,267700.00,78
96,C00412288,BILL PAC,NONE,Q,,266823.00,104
97,C00694471,AMERICAN MOSAIC PAC,,N,,264400.00,173
98,C00669960,WHEN DEMOCRATS TURN OUT PAC,,Q,,260228.00,54
99,C00822379,MODERATE PARTY INDEPENDENT FUND,,O,,258947.00,1
100,C00692640,FIGHTING FOR MISSOURI PAC,,Q,,258700.00,46
101,C00691147,ROUGHRIDER PAC,,Q,,257400.00,120
102,C00782144,LEAD THE WAY PAC,,O,,256429.00,1
103,C00814244,MOVING BROWARD FORWARD PAC,,O,,255287.00,1
104,C00735829,LONE STAR FORWARD,,O,,255200.00,1
105,C00745315,LIBERTY PAC; THE,,O,,254910.00,6
106,C90021809,NEW DEMOCRACY,,I,,252901.00,6
107,C00761213,AMERICAN DREAMS PAC,NONE,O,,249916.00,1
108,C00525238,IMPACT COMMITTEE,,Q,,248900.00,136
109,C00787499,FLORIDA DEMOCRATIC ACTION PAC,,O,,247712.00,1
110,C00541078,EXCELSIOR PAC,,Q,,247500.00,118
111,C00742783,AG TOGETHER PAC,,O,,246877.00,1
112,C00484667,ICE PAC,,Q,,246400.00,55
113,C00523498,COURAGE CALIFORNIA SUPER PAC,NONE,O,,245837.00,184
114,C00545236,NEW VOICE PAC,,Q,,245450.00,124
115,C00745554,RIGHTON TIME,,O,,244278.00,1
116,C00020818,(unknown),,,,240375.00,2
117,C00776823,GRASSROOTS ORGANIZING WINS (GROWPAC),NONE,O,,239516.00,4
118,C00521823,THE RIGHT GROUP,NONE,Q,,238900.00,70
119,C00454074,TEAPARTYEXPRESS.ORG,,Q,,238525.00,161
120,C00803593,BUILDING AMERICA'S ECONOMY,NONE,V,,236901.00,4
121,C00375451,MOVING AMERICA FORWARD,,Q,,235446.00,51
122,C00641571,TEXANS FOR TEXAS,,O,,235219.00,1
123,C00675207,OUR VALUES POLITICAL ACTION COMMITTEE,,O,,234983.00,1
124,C00366666,COMMITTEE FOR LEADERSHIP AND PROGRESS,,Q,,234879.00,154
125,C00757344,MAKING A DIFFERENCE PAC,,Q,,233200.00,175
126,C00759316,THE VOTER ACCOUNTABILITY PROJECT,,O,,230543.00,1
127,C00425645,"ATLAS PAC, FEDERAL",NONE,W,,230068.00,4
128,C00570770,RURAL AMERICA COUNTS PAC (RAC PAC),,Q,,230000.00,92
129,C00765198,LEADING PEOPLE FORWARD PAC,,Q,,229000.00,112
130,C90021700,POWER TO THE POLLS WISCONSIN,,I,,228959.00,1
131,C00767640,RANGER PAC,NONE,Q,,228100.00,61
132,C00814327,FLORIDA TRUST,,O,,226794.00,1
133,C00435024,CENTER FOR SPORTFISHING POLICY POLITICAL ACTION COMMITTEE AKA CENTER PAC,,Q,,225750.00,94
134,C00619528,LOS ANGELES WOMEN'S GIVING COLLECTIVE PAC,NONE,Q,,225500.00,73
135,C90019670,COMMONWEALTH COMMUNICATIONS,,I,,223072.00,19
136,C00524603,KEEP AMERICA ROLLING,,Q,,222600.00,87
137,C00665521,MOUNTAIN CITY PAC,,O,,220869.00,1
138,C00392670,JUSTICE FREEDOM & LIBERTY PAC,,Q,,220500.00,112
139,C00669929,COMMON GOOD PAC,,Q,,219800.00,80
140,C00165548,SAC PAC,,Q,,218000.00,132
141,C00813436,PUBLIC WISE PAC,,V,,217900.00,5
142,C00305805,FREEDOM PROJECT; THE,,Q,,217850.00,127
143,C00144170,LOUISIANIANS FOR AMERICAN SECURITY POLITICAL ACTION COMMITTEE,NONE,Q,,217600.00,81
144,C00567313,VISIONARY LEADERS FUND,,O,,215299.00,2
145,C00724229,VICTORY EAST,,Q,,214800.00,115
146,C00650416,CONSERVATIVE UTAH,,O,,213495.00,1
147,C00376756,SPEAK UP AMERICA POLITICAL ACTION COMMITTEE,,Q,,212850.00,104
148,C00756551,AMERICAN GRIT PAC,,Q,,212800.00,93
149,C00253187,BUFFALO RIVER POLITICAL ACTION COMMITTEE,VALLEY POLITICAL ACTION COMMITTEE,Q,,212516.00,69
150,C00492819,CHESAPEAKE FREEDOM PAC,,Q,,212000.00,69
151,C00657262,GO PAC GO,,Q,,211600.00,53
152,C00536664,DEFENDERS OF FREEDOM AND SECURITY,,W,,210501.00,50
153,C00652164,JERSEY VALUES PAC,,Q,,210500.00,92
154,C00705368,WORKING HARDER PAC,,Q,,208600.00,66
155,C00461624,ARTICLE 1 POLITICAL ACTION COMMITTEE,,N,,207700.00,162
156,C00386847,GOVERN PAC,,Q,,206350.00,131
157,C00752469,THE SOUTHERN STRATEGY,THE COLLECTIVE SUPER PAC,O,,205990.00,4
158,C00566042,FRIENDS OF MEDICAL RESEARCH POLITICAL ACTION COMMITTEE,NONE,Q,,205300.00,56
159,C00527226,WE VOTE - NOSOTROS VOTAMOS - PPAMM COMMITTEE,NONE,O,,204922.00,33
160,C00817775,PINE TREES PAC,,N,,203200.00,71
161,C00623595,PA COMMON SENSE,,O,,202373.00,3
162,C00418582,EMERGEORTHO P.A. POLITICAL ACTION COMMITTEE,,Q,M,202000.00,50
163,C00283523,DALLAS ENTREPRENEUR POLITICAL ACTION COMMITTEE,DALLAS ENTREPRENEURS - SESSIONS 2018 FUND,Q,,200300.00,63
164,C00820357,JOBS & PROSPERITY PAC,NONE,O,,200018.00,2
165,C90021676,A BETTER NC,,I,,200000.00,1
166,C00466870,LEADERSHIP FOR ENTERPRISE AND OPPORTUNITY PAC,NONE,Q,,200000.00,73
167,C00741322,KEEP PA GREAT,,O,,199764.00,1
168,C00746040,OUR VALUES PAC,NONE,O,,199529.00,2
169,C00716423,THE NEXT 50 PAC,NONE,W,,199500.00,32
170,C00675371,PROGRESS IN PA-05,,O,,199358.00,1
171,C90014184,MONTANA NATIVE VOTE,,I,,198999.00,5
172,C00520841,FIGHTIN' NINTH POLITICAL ACTION COMMITTEE,,Q,,198000.00,90
173,C00564385,SUPPORTING UNITED STATES OF AMERICA'S NEXT LEADERS PAC (SUSAN PAC),,Q,,197700.00,96
174,C90019902,NCAAT IN ACTION,,I,,197533.00,9
175,C00390831,JOHN S FUND,,Q,,197500.00,98
176,C00727784,SERVICE FIRST PAC,,Q,,196900.00,95
177,C00717918,FLIP THE SENATE PAC,NONE,O,,196403.00,6
178,C00455923,FEDUP POLITICAL ACTION COMMITTEE AKA FEDUP PAC,,O,,195950.00,11
179,C00745588,PEOPLE FOR GOVERNMENT PAC,NONE,V,,193600.00,6
180,C00347476,CREATING A MAJORITY PARTY ACTION COMMITTEE (C.A.M.P.A.C.),,Q,,193000.00,45
181,C90021726,OHIO CITIZEN ACTION,,I,,192569.00,8
182,C00772491,PROTECTING OUR CONSERVATIVE VALUES PAC,,O,,191928.00,1
183,C00632992,DEVELOPING A NEW GENERATION PAC (DANG PAC),,Q,,191900.00,48
184,C00754408,FAMILIES FOR FREEDOM PAC,NONE,O,,191000.00,4
185,C00635680,DEFENDING RURAL ARIZONA PAC,,O,,190917.00,1
186,C00522458,TOGETHER WE THRIVE,,O,,187988.00,226
187,C00746735,HMS SCRAP PAC,,Q,,187500.00,94
188,C90006446,VIEJAS BAND OF KUMEYAAY INDIANS,,I,,186512.00,2
189,C00461756,AMERICA'S PHYSICIAN GROUPS PAC,AMERICA'S PHYSICIAN GROUPS,Q,M,186500.00,85
190,C00634436,GOLDEN RULE PAC,,N,,186000.00,102
191,C00811331,PRESERVE OUR RIGHTS PAC,,O,,185784.00,3
192,C00759332,THE DISABLED VETERANS COALITION PAC,,O,,185477.00,2
193,C00490896,PATRIOTS FUND,NONE,N,,184685.00,6
194,C90020264,HSLDA ACTION,,I,,183629.00,2
195,C00432765,SILK PAC,,Q,,183500.00,109
196,C00646463,BUCKEYE BATTLE PAC,,O,,183079.00,1
197,C00659771,LUCHADORA PAC,,Q,,182800.00,93
198,C90021304,LUPE VOTES,,I,,182520.00,4
199,C00676429,LIBERTY FOR US SUPER PAC,,O,,182444.00,6
200,C00479188,(unknown),,,,182347.00,1
